Name,Landmass,Zone,Area,Population,Language,Religion,Bars,Stripes,Colors,Red,Green,Blue,Gold,White,Black,Orange,Mainhue,Circles,Crosses,Saltires,Quarters,Sunstars,Crescent,Triangle,Icon,Animate,Text,Topleft,Botright,Landmass_Name
Afghanistan,5,1,648,16,10,2,0,3,4,1,1,0,0,1,1,0,green,0,0,0,0,0,1,0,1,0,1,black,green,Asia
Albania,3,1,29,3,6,6,0,0,3,1,0,0,1,0,1,0,red,0,0,0,0,1,0,0,0,1,0,red,red,Europe
Algeria,4,1,2388,20,8,2,2,0,3,1,1,0,0,1,0,0,green,0,0,0,0,1,1,0,0,0,0,green,white,Africa
American-Samoa,6,3,0,0,1,1,0,0,5,1,0,1,1,1,0,1,blue,0,0,0,0,0,0,1,1,1,0,blue,red,Oceania
Andorra,3,1,0,0,6,0,3,0,3,1,0,1,1,0,0,0,gold,0,0,0,0,0,0,0,0,0,0,blue,red,Europe
Angola,4,2,1247,7,10,5,0,2,3,1,0,0,1,0,1,0,red,0,0,0,0,1,0,0,1,0,0,red,black,Africa
Anguilla,1,4,0,0,1,1,0,1,3,0,0,1,0,1,0,1,white,0,0,0,0,0,0,0,0,1,0,white,blue,North America
Antigua-Barbuda,1,4,0,0,1,1,0,1,5,1,0,1,1,1,1,0,red,0,0,0,0,1,0,1,0,0,0,black,red,North America
Argentina,2,3,2777,28,2,0,0,3,2,0,0,1,0,1,0,0,blue,0,0,0,0,0,0,0,0,0,0,blue,blue,South America
Argentine,2,3,2777,28,2,0,0,3,3,0,0,1,1,1,0,0,blue,0,0,0,0,1,0,0,0,0,0,blue,blue,South America
Armenia,5,1,30,3,10,1,0,3,3,1,0,1,1,0,0,0,red,0,0,0,0,0,0,0,0,0,0,red,gold,Asia
Australia,6,2,7690,15,1,1,0,0,3,1,0,1,0,1,0,0,blue,0,1,1,1,6,0,0,0,0,0,white,blue,Oceania
Austria,3,1,84,8,4,0,0,3,2,1,0,0,0,1,0,0,red,0,0,0,0,0,0,0,0,0,0,red,red,Europe
Azerbaijan,5,1,87,10,8,2,0,3,4,0,1,1,0,1,1,0,blue,0,0,0,0,1,1,0,0,0,0,blue,green,Asia
Bahamas,1,4,19,0,1,1,0,3,3,0,0,1,1,0,1,0,blue,0,0,0,0,0,0,1,0,0,0,blue,blue,North America
Bahrain,5,1,1,0,8,2,0,0,2,1,0,0,0,1,0,0,red,0,0,0,0,0,0,0,0,0,0,white,red,Asia
Bangladesh,5,1,143,90,6,2,0,0,2,1,1,0,0,0,0,0,green,1,0,0,0,0,0,0,0,0,0,green,green,Asia
Barbados,1,4,0,0,1,1,3,0,3,0,0,1,1,0,1,0,blue,0,0,0,0,0,0,0,1,0,0,blue,blue,North America
Belarus,3,1,207,9,5,1,0,2,3,1,1,0,0,1,0,0,red,0,0,0,0,0,0,0,1,0,0,red,green,Europe
Belgium,3,1,31,10,6,0,3,0,3,1,0,0,1,0,1,0,gold,0,0,0,0,0,0,0,0,0,0,black,red,Europe
Belize,1,4,23,0,1,1,0,2,8,1,1,1,1,1,1,1,blue,1,0,0,0,0,0,0,1,1,1,red,red,North America
Benin,4,1,113,3,3,5,0,0,2,1,1,0,0,0,0,0,green,0,0,0,0,1,0,0,0,0,0,green,green,Africa
Bermuda,1,4,0,0,1,1,0,0,6,1,1,1,1,1,1,0,red,1,1,1,1,0,0,0,1,1,0,white,red,North America
Bhutan,5,1,47,1,10,3,0,0,4,1,0,0,0,1,1,1,orange,4,0,0,0,0,0,0,0,1,0,orange,red,Asia
Bolivia,2,3,1099,6,2,0,0,3,3,1,1,0,1,0,0,0,red,0,0,0,0,0,0,0,0,0,0,red,green,South America
Bosnia-Herzegovina,3,1,51,3,6,1,0,0,3,0,0,1,1,1,0,0,blue,0,0,0,0,9,0,1,0,0,0,blue,blue,Europe
Botswana,4,2,600,1,10,5,0,5,3,0,0,1,0,1,1,0,blue,0,0,0,0,0,0,0,0,0,0,blue,blue,Africa
Brazil,2,3,8512,119,6,0,0,0,4,0,1,1,1,1,0,0,green,1,0,0,0,22,0,0,0,0,1,green,green,South America
British-Virgin-Isles,1,4,0,0,1,1,0,0,6,1,1,1,1,1,0,1,blue,0,1,1,1,0,0,0,1,1,1,white,blue,North America
Brunei,5,1,6,0,10,2,0,0,4,1,0,0,1,1,1,0,gold,0,0,0,0,0,0,1,1,1,1,white,gold,Asia
Bulgaria,3,1,111,9,5,6,0,3,5,1,1,1,1,1,0,0,red,0,0,0,0,1,0,0,1,1,0,white,red,Europe
Burkina,4,4,274,7,3,5,0,2,3,1,1,0,1,0,0,0,red,0,0,0,0,1,0,0,0,0,0,red,green,Africa
Burma,5,1,678,35,10,3,0,3,4,1,1,0,1,1,0,0,yellow,0,0,0,0,1,0,0,0,0,0,yellow,green,Asia
Burundi,4,2,28,4,10,5,0,0,3,1,1,0,0,1,0,0,red,1,0,1,0,3,0,0,0,0,0,white,white,Africa
Cameroon,4,1,474,8,3,1,3,0,3,1,1,0,1,0,0,0,gold,0,0,0,0,1,0,0,0,0,0,green,gold,Africa
Canada,1,4,9976,24,1,1,2,0,2,1,0,0,0,1,0,0,red,0,0,0,0,0,0,0,0,1,0,red,red,North America
Cape-Verde-Islands,4,4,4,0,6,0,0,5,4,1,0,1,1,1,0,0,blue,0,0,0,0,10,0,0,0,0,0,blue,blue,Africa
Cayman-Islands,1,4,0,0,1,1,0,0,6,1,1,1,1,1,0,1,blue,1,1,1,1,4,0,0,1,1,1,white,blue,North America
Central-African-Republic,4,1,623,2,10,5,1,0,5,1,1,1,1,1,0,0,gold,0,0,0,0,1,0,0,0,0,0,blue,gold,Africa
Chad,4,1,1284,4,3,5,3,0,3,1,0,1,1,0,0,0,gold,0,0,0,0,0,0,0,0,0,0,blue,red,Africa
Chile,2,3,757,11,2,0,0,2,3,1,0,1,0,1,0,0,red,0,0,0,1,1,0,0,0,0,0,blue,red,South America
China,5,1,9561,1008,7,6,0,0,2,1,0,0,1,0,0,0,red,0,0,0,0,5,0,0,0,0,0,red,red,Asia
Colombia,2,4,1139,28,2,0,0,3,3,1,0,1,1,0,0,0,gold,0,0,0,0,0,0,0,0,0,0,gold,red,South America
Comorro-Islands,4,2,2,0,3,2,0,4,5,1,1,1,1,1,0,0,yellow,0,0,0,0,4,1,1,0,0,0,yellow,blue,Africa
Congo,4,2,342,2,10,5,0,0,3,1,1,0,1,0,0,0,red,0,0,0,0,1,0,0,1,1,0,red,red,Africa
Cook-Islands,6,3,0,0,1,1,0,0,4,1,0,1,0,1,0,0,blue,1,1,1,1,15,0,0,0,0,0,white,blue,Oceania
Costa-Rica,1,4,51,2,2,0,0,5,3,1,0,1,0,1,0,0,blue,0,0,0,0,0,0,0,0,0,0,blue,blue,North America
Croatia,3,1,56,4,6,0,0,3,5,1,1,1,0,1,0,0,red,0,0,0,0,0,0,0,1,0,0,red,blue,Europe
Cuba,1,4,115,10,2,6,0,5,3,1,0,1,0,1,0,0,blue,0,0,0,0,1,0,1,0,0,0,blue,blue,North America
Cyprus,3,1,9,1,6,1,0,0,3,0,1,0,1,1,0,0,white,0,0,0,0,0,0,0,1,1,0,white,white,Europe
Denmark,3,1,43,5,6,1,0,0,2,1,0,0,0,1,0,0,red,0,1,0,0,0,0,0,0,0,0,red,red,Europe
Djibouti,4,1,22,0,3,2,0,0,4,1,1,1,0,1,0,0,blue,0,0,0,0,1,0,1,0,0,0,white,green,Africa
Dominica,1,4,0,0,1,1,0,0,6,1,1,1,1,1,1,0,green,1,0,0,0,10,0,0,0,1,0,green,green,North America
Dominican-Republic,1,4,49,6,2,0,0,0,3,1,0,1,0,1,0,0,blue,0,1,0,0,0,0,0,0,0,0,blue,blue,North America
Ecuador,2,3,284,8,2,0,0,3,3,1,0,1,1,0,0,0,gold,0,0,0,0,0,0,0,0,0,0,gold,red,South America
Egypt,4,1,1001,47,8,2,0,3,4,1,0,0,1,1,1,0,black,0,0,0,0,0,0,0,0,1,1,red,black,Africa
El-Salvador,1,4,21,5,2,0,0,3,2,0,0,1,0,1,0,0,blue,0,0,0,0,0,0,0,0,0,0,blue,blue,North America
Equatorial-Guinea,4,1,28,0,10,5,0,3,4,1,1,1,0,1,0,0,green,0,0,0,0,0,0,1,0,0,0,green,red,Africa
Eritrea,4,1,117,6,10,2,0,0,4,1,1,1,1,0,0,0,red,0,0,0,0,0,0,1,1,0,0,green,blue,Africa
Estonia,3,1,45,1,6,1,0,3,3,0,0,1,0,1,1,0,blue,0,0,0,0,0,0,0,0,0,0,blue,white,Europe
Ethiopia,4,1,1222,31,10,1,0,3,4,1,1,1,1,0,0,0,green,1,0,0,0,1,0,0,0,0,0,green,red,Africa
Faeroes,3,4,1,0,6,1,0,0,3,1,0,1,0,1,0,0,white,0,1,0,0,0,0,0,0,0,0,white,white,Europe
Falklands-Malvinas,2,3,12,0,1,1,0,0,6,1,1,1,1,1,0,0,blue,1,1,1,1,0,0,0,1,1,1,white,blue,South America
Fiji,6,2,18,1,1,1,0,0,7,1,1,1,1,1,0,1,blue,0,2,1,1,0,0,0,1,1,0,white,blue,Oceania
Finland,3,1,337,5,9,1,0,0,2,0,0,1,0,1,0,0,white,0,1,0,0,0,0,0,0,0,0,white,white,Europe
France,3,1,547,54,3,0,3,0,3,1,0,1,0,1,0,0,white,0,0,0,0,0,0,0,0,0,0,blue,red,Europe
French-Guiana,2,4,91,0,3,0,3,0,3,1,0,1,0,1,0,0,white,0,0,0,0,0,0,0,0,0,0,blue,red,South America
French-Polynesia,6,3,4,0,3,0,0,3,5,1,0,1,1,1,1,0,red,1,0,0,0,1,0,0,1,0,0,red,red,Oceania
Gabon,4,2,268,1,10,5,0,3,3,0,1,1,1,0,0,0,green,0,0,0,0,0,0,0,0,0,0,green,blue,Africa
Gambia,4,4,10,1,1,5,0,5,4,1,1,1,0,1,0,0,red,0,0,0,0,0,0,0,0,0,0,red,green,Africa
Georgia,5,1,69,4,10,1,0,0,2,1,0,0,0,1,0,0,white,0,5,0,0,0,0,0,0,0,0,white,white,Asia
Ghana,4,4,239,14,1,5,0,3,4,1,1,0,1,0,1,0,red,0,0,0,0,1,0,0,0,0,0,red,green,Africa
Gibraltar,3,4,0,0,1,1,0,1,3,1,0,0,1,1,0,0,white,0,0,0,0,0,0,0,1,0,0,white,red,Europe
Greece,3,1,132,10,6,1,0,9,2,0,0,1,0,1,0,0,blue,0,1,0,1,0,0,0,0,0,0,blue,blue,Europe
Greenland,1,4,2176,0,6,1,0,0,2,1,0,0,0,1,0,0,white,1,0,0,0,0,0,0,0,0,0,white,red,North America
Grenada,1,4,0,0,1,1,0,0,3,1,1,0,1,0,0,0,gold,1,0,0,0,7,0,1,0,1,0,red,red,North America
Guam,6,1,0,0,1,1,0,0,7,1,1,1,1,1,0,1,blue,0,0,0,0,0,0,0,1,1,1,red,red,Oceania
Guatemala,1,4,109,8,2,0,3,0,2,0,0,1,0,1,0,0,blue,0,0,0,0,0,0,0,0,0,0,blue,blue,North America
Guinea,4,4,246,6,3,2,3,0,3,1,1,0,1,0,0,0,gold,0,0,0,0,0,0,0,0,0,0,red,green,Africa
Guinea-Bissau,4,4,36,1,6,5,1,2,4,1,1,0,1,0,1,0,gold,0,0,0,0,1,0,0,0,0,0,red,green,Africa
Guyana,2,4,215,1,1,4,0,0,5,1,1,0,1,1,1,0,green,0,0,0,0,0,0,1,0,0,0,black,green,South America
Haiti,1,4,28,6,3,0,2,0,2,1,0,0,0,0,1,0,black,0,0,0,0,0,0,0,0,0,0,black,red,North America
Honduras,1,4,112,4,2,0,0,3,2,0,0,1,0,1,0,0,blue,0,0,0,0,5,0,0,0,0,0,blue,blue,North America
Hong-Kong,5,1,1,5,7,3,0,0,2,1,0,0,0,1,0,0,red,0,0,0,0,5,0,0,1,0,0,red,red,Asia
Hungary,3,1,93,11,9,6,0,3,3,1,1,0,0,1,0,0,red,0,0,0,0,0,0,0,0,0,0,red,green,Europe
Iceland,3,4,103,0,6,1,0,0,3,1,0,1,0,1,0,0,blue,0,1,0,0,0,0,0,0,0,0,blue,blue,Europe
India,5,1,3268,684,6,4,0,3,4,0,1,1,0,1,0,1,orange,1,0,0,0,0,0,0,1,0,0,orange,green,Asia
Indonesia,6,2,1904,157,10,2,0,2,2,1,0,0,0,1,0,0,red,0,0,0,0,0,0,0,0,0,0,red,white,Oceania
Iran,5,1,1648,39,6,2,0,3,3,1,1,0,0,1,0,0,red,0,0,0,0,0,0,0,1,0,1,green,red,Asia
Iraq,5,1,435,14,8,2,0,3,4,1,1,0,0,1,1,0,red,0,0,0,0,3,0,0,0,0,0,red,black,Asia
Ireland,3,4,70,3,1,0,3,0,3,0,1,0,0,1,0,1,white,0,0,0,0,0,0,0,0,0,0,green,orange,Europe
Israel,5,1,21,4,10,7,0,2,2,0,0,1,0,1,0,0,white,0,0,0,0,1,0,0,0,0,0,blue,blue,Asia
Italy,3,1,301,57,6,0,3,0,3,1,1,0,0,1,0,0,white,0,0,0,0,0,0,0,0,0,0,green,red,Europe
Ivory-Coast,4,4,323,7,3,5,3,0,3,1,1,0,0,1,0,0,white,0,0,0,0,0,0,0,0,0,0,red,green,Africa
Jamaica,1,4,11,2,1,1,0,0,3,0,1,0,1,0,1,0,green,0,0,1,0,0,0,1,0,0,0,gold,gold,North America
Japan,5,1,372,118,9,7,0,0,2,1,0,0,0,1,0,0,white,1,0,0,0,1,0,0,0,0,0,white,white,Asia
Jordan,5,1,98,2,8,2,0,3,4,1,1,0,0,1,1,0,black,0,0,0,0,1,0,1,0,0,0,black,green,Asia
Kazakhstan,5,1,2724,19,10,2,0,0,2,0,0,1,1,0,0,0,blue,0,0,0,0,1,0,0,1,0,0,blue,blue,Asia
Kenya,4,1,583,17,10,5,0,5,4,1,1,0,0,1,1,0,red,1,0,0,0,0,0,0,1,0,0,black,green,Africa
Kiribati,6,1,0,0,1,1,0,0,4,1,0,1,1,1,0,0,red,0,0,0,0,1,0,0,1,1,0,red,blue,Oceania
Kosovo,3,1,10,2,6,2,0,0,3,0,0,1,1,1,0,0,blue,0,0,0,0,6,0,0,1,0,0,blue,blue,Europe
Kuwait,5,1,18,2,8,2,0,3,4,1,1,0,0,1,1,0,green,0,0,0,0,0,0,0,0,0,0,green,red,Asia
Kyrgyzstan,5,1,199,6,10,2,0,0,2,1,0,0,1,0,0,0,red,1,0,0,0,1,0,0,0,0,0,red,red,Asia
Laos,5,1,236,3,10,6,0,3,3,1,0,1,0,1,0,0,red,1,0,0,0,0,0,0,0,0,0,red,red,Asia
Latvia,3,1,64,1,6,1,0,3,2,1,0,0,0,1,0,0,red,0,0,0,0,0,0,0,0,0,0,red,red,Europe
Lebanon,5,1,10,3,8,2,0,2,4,1,1,0,0,1,0,1,red,0,0,0,0,0,0,0,0,1,0,red,red,Asia
Lesotho,4,2,30,1,10,5,3,0,4,0,1,1,0,1,1,0,blue,0,0,0,0,0,0,0,1,0,0,blue,green,Africa
Liberia,4,4,111,1,10,5,0,11,3,1,0,1,0,1,0,0,red,0,0,0,1,1,0,0,0,0,0,blue,red,Africa
Libya,4,1,1760,3,8,2,0,3,4,1,1,0,0,1,1,0,black,0,0,0,0,1,1,0,0,0,0,red,green,Africa
Liechtenstein,3,1,0,0,4,0,0,2,3,1,0,1,1,0,0,0,red,0,0,0,0,0,0,0,1,0,0,blue,red,Europe
Lithuania,3,1,65,2,6,1,0,3,3,1,1,0,1,0,0,0,yellow,0,0,0,0,0,0,0,0,0,0,yellow,red,Europe
Luxembourg,3,1,3,0,4,0,0,3,3,1,0,1,0,1,0,0,red,0,0,0,0,0,0,0,0,0,0,red,blue,Europe
Malagasy,4,2,587,9,10,1,1,2,3,1,1,0,0,1,0,0,red,0,0,0,0,0,0,0,0,0,0,white,green,Africa
Malawi,4,2,118,6,10,5,0,3,3,1,1,0,0,0,1,0,red,0,0,0,0,1,0,0,0,0,0,black,green,Africa
Malaysia,5,1,333,13,10,2,0,14,4,1,0,1,1,1,0,0,red,0,0,0,1,1,1,0,0,0,0,blue,white,Asia
Maldive-Islands,5,1,0,0,10,2,0,0,3,1,1,0,0,1,0,0,red,0,0,0,0,0,1,0,0,0,0,red,red,Asia
Mali,4,4,1240,7,3,2,3,0,3,1,1,0,1,0,0,0,gold,0,0,0,0,0,0,0,0,0,0,green,red,Africa
Malta,3,1,0,0,10,0,2,0,3,1,0,0,0,1,1,0,red,0,1,0,0,0,0,0,1,0,0,white,red,Europe
Marianas,6,1,0,0,10,1,0,0,3,0,0,1,0,1,0,0,blue,0,0,0,0,1,0,0,1,0,0,blue,blue,Oceania
Mauritania,4,4,1031,2,8,2,0,2,3,1,1,0,1,0,0,0,green,0,0,0,0,1,1,0,0,0,0,red,red,Africa
Mauritius,4,2,2,1,1,4,0,4,4,1,1,1,1,0,0,0,red,0,0,0,0,0,0,0,0,0,0,red,green,Africa
Mexico,1,4,1973,77,2,0,3,0,4,1,1,0,0,1,0,1,green,0,0,0,0,0,0,0,0,1,0,green,red,North America
Micronesia,6,1,1,0,10,1,0,0,2,0,0,1,0,1,0,0,blue,0,0,0,0,4,0,0,0,0,0,blue,blue,Oceania
Moldova,3,1,33,2,6,1,3,0,4,1,1,1,1,1,0,0,blue,0,0,0,0,0,0,0,1,0,0,blue,red,Europe
Monaco,3,1,0,0,3,0,0,2,2,1,0,0,0,1,0,0,red,0,0,0,0,0,0,0,0,0,0,red,white,Europe
Mongolia,5,1,1566,2,10,6,3,0,3,1,0,1,1,0,0,0,red,2,0,0,0,1,1,1,1,0,0,red,red,Asia
Montenegro,3,1,13,0,6,1,0,0,3,1,0,0,1,0,0,0,red,0,0,0,0,0,0,0,1,0,0,red,red,Europe
Montserrat,1,4,0,0,1,1,0,0,7,1,1,1,1,1,1,0,blue,0,2,1,1,0,0,0,1,1,0,white,blue,North America
Morocco,4,4,447,20,8,2,0,0,2,1,1,0,0,0,0,0,red,0,0,0,0,1,0,0,0,0,0,red,red,Africa
Mozambique,4,2,783,12,10,5,0,5,5,1,1,0,1,1,1,0,gold,0,0,0,0,1,0,1,1,0,0,green,gold,Africa
Namibia,4,2,825,2,10,5,0,0,5,1,1,1,1,1,0,0,blue,0,0,0,0,1,0,1,0,0,0,blue,green,Africa
Nauru,6,2,0,0,10,1,0,3,3,0,0,1,1,1,0,0,blue,0,0,0,0,1,0,0,0,0,0,blue,blue,Oceania
Nepal,5,1,140,16,10,4,0,0,3,0,0,1,0,1,0,1,brown,0,0,0,0,2,1,0,0,0,0,blue,blue,Asia
Netherlands,3,1,41,14,6,1,0,3,3,1,0,1,0,1,0,0,red,0,0,0,0,0,0,0,0,0,0,red,blue,Europe
Netherlands-Antilles,1,4,0,0,6,1,0,1,3,1,0,1,0,1,0,0,white,0,0,0,0,6,0,0,0,0,0,white,white,North America
New-Zealand,6,2,268,2,1,1,0,0,3,1,0,1,0,1,0,0,blue,0,1,1,1,4,0,0,0,0,0,white,blue,Oceania
Nicaragua,1,4,128,3,2,0,0,3,2,0,0,1,0,1,0,0,blue,0,0,0,0,0,0,0,0,0,0,blue,blue,North America
Niger,4,1,1267,5,3,2,0,3,3,0,1,0,0,1,0,1,orange,1,0,0,0,0,0,0,0,0,0,orange,green,Africa
Nigeria,4,1,925,56,10,2,3,0,2,0,1,0,0,1,0,0,green,0,0,0,0,0,0,0,0,0,0,green,green,Africa
Niue,6,3,0,0,1,1,0,0,4,1,0,1,1,1,0,0,gold,1,1,1,1,5,0,0,0,0,0,white,gold,Oceania
North-Macedonia,3,1,25,2,6,1,0,0,2,1,0,0,1,0,0,0,red,1,0,0,0,1,0,0,0,0,0,red,red,Europe
North-Korea,5,1,121,18,10,6,0,5,3,1,0,1,0,1,0,0,blue,1,0,0,0,1,0,0,0,0,0,blue,blue,Asia
Norway,3,1,324,4,6,1,0,0,3,1,0,1,0,1,0,0,red,0,1,0,0,0,0,0,0,0,0,red,red,Europe
Oman,5,1,212,1,8,2,0,2,3,1,1,0,0,1,0,0,red,0,0,0,0,0,0,0,1,0,0,red,green,Asia
Pakistan,5,1,804,84,6,2,1,0,2,0,1,0,0,1,0,0,green,0,0,0,0,1,1,0,0,0,0,white,green,Asia
Palau,6,1,0,0,10,1,0,0,2,0,0,1,1,0,0,0,blue,1,0,0,0,0,0,0,0,0,0,blue,blue,Oceania
Panama,2,4,76,2,2,0,0,0,3,1,0,1,0,1,0,0,red,0,0,0,4,2,0,0,0,0,0,white,white,South America
Papua-New-Guinea,6,2,463,3,1,5,0,0,4,1,0,0,1,1,1,0,black,0,0,0,0,5,0,1,0,1,0,red,black,Oceania
Paraguay,2,3,407,3,2,0,0,3,6,1,1,1,1,1,1,0,red,1,0,0,0,1,0,0,1,1,1,red,blue,South America
Peru,2,3,1285,14,2,0,3,0,2,1,0,0,0,1,0,0,red,0,0,0,0,0,0,0,0,0,0,red,red,South America
Philippines,6,1,300,48,10,0,0,0,4,1,0,1,1,1,0,0,blue,0,0,0,0,4,0,1,0,0,0,blue,red,Oceania
Poland,3,1,313,36,5,6,0,2,2,1,0,0,0,1,0,0,white,0,0,0,0,0,0,0,0,0,0,white,red,Europe
Portugal,3,4,92,10,6,0,0,0,5,1,1,1,1,1,0,0,red,1,0,0,0,0,0,0,1,0,0,green,red,Europe
Puerto-Rico,1,4,9,3,2,0,0,5,3,1,0,1,0,1,0,0,red,0,0,0,0,1,0,1,0,0,0,red,red,North America
Qatar,5,1,11,0,8,2,0,0,2,0,0,0,0,1,0,1,brown,0,0,0,0,0,0,0,0,0,0,white,brown,Asia
Romania,3,1,237,22,6,6,3,0,7,1,1,1,1,1,0,1,red,0,0,0,0,2,0,0,1,1,1,blue,red,Europe
Russia,5,1,17098,144,5,1,0,3,3,1,0,1,0,1,0,0,white,0,0,0,0,0,0,0,0,0,0,white,red,Asia
Rwanda,4,2,26,5,10,5,0,3,4,0,1,1,1,0,0,0,blue,0,0,0,0,1,0,0,0,0,0,blue,green,Africa
San-Marino,3,1,0,0,6,0,0,2,2,0,0,1,0,1,0,0,white,0,0,0,0,0,0,0,0,0,0,white,blue,Europe
Sao-Tome,4,1,0,0,6,0,0,3,4,1,1,0,1,0,1,0,green,0,0,0,0,2,0,1,0,0,0,green,green,Africa
Saudi-Arabia,5,1,2150,9,8,2,0,0,2,0,1,0,0,1,0,0,green,0,0,0,0,0,0,0,1,0,1,green,green,Asia
Senegal,4,4,196,6,3,2,3,0,3,1,1,0,1,0,0,0,green,0,0,0,0,1,0,0,0,0,0,green,red,Africa
Serbia,3,1,88,7,6,1,0,3,4,1,0,1,0,1,0,0,red,0,0,0,0,0,0,0,1,0,0,red,white,Europe
Seychelles,4,2,0,0,1,1,0,0,5,1,0,1,1,1,0,0,blue,0,0,0,0,0,0,1,0,0,0,blue,green,Africa
Sierra-Leone,4,4,72,3,1,5,0,3,3,0,1,1,0,1,0,0,green,0,0,0,0,0,0,0,0,0,0,green,blue,Africa
Singapore,5,1,1,3,7,3,0,2,2,1,0,0,0,1,0,0,white,0,0,0,0,5,1,0,0,0,0,red,white,Asia
Slovakia,3,1,49,5,5,1,0,3,3,1,0,1,0,1,0,0,white,0,1,0,0,0,0,0,1,0,0,white,red,Europe
Slovenia,3,1,20,2,6,1,0,3,3,1,0,1,0,1,0,0,white,0,0,0,0,3,0,1,1,0,0,white,red,Europe
Soloman-Islands,6,2,30,0,1,1,0,0,4,0,1,1,1,1,0,0,green,0,0,0,0,5,0,1,0,0,0,blue,green,Oceania
Somalia,4,1,637,5,10,2,0,0,2,0,0,1,0,1,0,0,blue,0,0,0,0,1,0,0,0,0,0,blue,blue,Africa
South-Africa,4,2,1221,29,6,1,0,0,6,1,1,1,1,1,1,0,green,0,0,0,0,0,0,1,0,0,0,red,blue,Africa
South-Korea,5,1,99,39,10,7,0,0,4,1,0,1,0,1,1,0,white,1,0,0,0,0,0,0,1,0,0,white,white,Asia
South-Sudan,4,1,619,11,1,5,0,6,6,1,1,1,1,1,1,0,black,0,0,0,0,1,0,1,0,0,0,black,green,Africa
Spain,3,4,505,38,2,0,0,3,2,1,0,0,1,0,0,0,red,0,0,0,0,0,0,0,0,0,0,red,red,Europe
Sri-Lanka,5,1,66,15,10,3,2,0,4,0,1,0,1,0,0,1,gold,0,0,0,0,0,0,0,1,1,0,gold,gold,Asia
St-Helena,4,3,0,0,1,1,0,0,7,1,1,1,1,1,0,1,blue,0,1,1,1,0,0,0,1,0,0,white,blue,Africa
St-Kitts-Nevis,1,4,0,0,1,1,0,0,5,1,1,0,1,1,1,0,green,0,0,0,0,2,0,1,0,0,0,green,red,North America
St-Lucia,1,4,0,0,1,1,0,0,4,0,0,1,1,1,1,0,blue,0,0,0,0,0,0,1,0,0,0,blue,blue,North America
St-Vincent,1,4,0,0,1,1,0,0,3,0,1,1,1,0,0,0,blue,0,0,0,0,0,0,0,0,0,0,blue,green,North America
Sudan,4,1,2506,20,8,2,0,3,4,1,1,0,0,1,1,0,red,0,0,0,0,0,0,1,0,0,0,red,black,Africa
Surinam,2,4,63,0,6,1,0,5,4,1,1,0,1,1,0,0,red,0,0,0,0,1,0,0,0,0,0,green,green,South America
Swaziland,4,2,17,1,10,1,0,5,7,1,0,1,1,1,1,1,blue,0,0,0,0,0,0,0,1,0,0,blue,blue,Africa
Sweden,3,1,450,8,6,1,0,0,2,0,0,1,1,0,0,0,blue,0,1,0,0,0,0,0,0,0,0,blue,blue,Europe
Switzerland,3,1,41,6,4,1,0,0,2,1,0,0,0,1,0,0,red,0,1,0,0,0,0,0,0,0,0,red,red,Europe
Syria,5,1,185,10,8,2,0,3,4,1,1,0,0,1,1,0,red,0,0,0,0,2,0,0,0,0,0,red,black,Asia
Taiwan,5,1,36,18,7,3,0,0,3,1,0,1,0,1,0,0,red,1,0,0,1,1,0,0,0,0,0,blue,red,Asia
Tajikistan,5,1,143,9,10,2,0,3,4,1,1,0,1,1,0,0,red,0,0,0,0,7,0,0,1,0,0,red,green,Asia
Tanzania,4,2,945,18,10,5,0,0,4,0,1,1,1,0,1,0,green,0,0,0,0,0,0,1,0,0,0,green,blue,Africa
Thailand,5,1,514,49,10,3,0,5,3,1,0,1,0,1,0,0,red,0,0,0,0,0,0,0,0,0,0,red,red,Asia
East-Timor,6,2,15,1,10,1,0,0,4,1,0,0,1,1,1,0,red,0,0,0,0,1,0,1,0,0,0,black,red,Oceania
Togo,4,1,57,2,3,7,0,5,4,1,1,0,1,1,0,0,green,0,0,0,1,1,0,0,0,0,0,red,green,Africa
Tonga,6,2,1,0,10,1,0,0,2,1,0,0,0,1,0,0,red,0,1,0,1,0,0,0,0,0,0,white,red,Oceania
Trinidad-Tobago,2,4,5,1,1,1,0,0,3,1,0,0,0,1,1,0,red,0,0,0,0,0,0,1,0,0,0,white,white,South America
Tunisia,4,1,164,7,8,2,0,0,2,1,0,0,0,1,0,0,red,1,0,0,0,1,1,0,0,0,0,red,red,Africa
Turkey,5,1,781,45,9,2,0,0,2,1,0,0,0,1,0,0,red,0,0,0,0,1,1,0,0,0,0,red,red,Asia
Turkmenistan,5,1,488,6,10,2,0,0,5,1,1,0,0,1,0,0,green,0,0,0,0,5,1,0,1,0,0,green,green,Asia
Turks-Cocos-Islands,1,4,0,0,1,1,0,0,6,1,1,1,1,1,0,1,blue,0,1,1,1,0,0,0,1,1,0,white,blue,North America
Tuvalu,6,2,0,0,1,1,0,0,5,1,0,1,1,1,0,0,blue,0,1,1,1,9,0,0,0,0,0,white,blue,Oceania
UAE,5,1,84,1,8,2,1,3,4,1,1,0,0,1,1,0,green,0,0,0,0,0,0,0,0,0,0,red,black,Asia
Uganda,4,1,236,13,10,5,0,6,5,1,0,0,1,1,1,0,gold,1,0,0,0,0,0,0,0,1,0,black,red,Africa
UK,3,4,245,56,1,1,0,0,3,1,0,1,0,1,0,0,red,0,1,1,0,0,0,0,0,0,0,white,red,Europe
Ukraine,3,1,603,43,5,1,0,2,2,0,0,1,1,0,0,0,blue,0,0,0,0,0,0,0,0,0,0,blue,gold,Europe
Uruguay,2,3,178,3,2,0,0,9,3,0,0,1,1,1,0,0,white,0,0,0,1,1,0,0,0,0,0,white,white,South America
US-Virgin-Isles,1,4,0,0,1,1,0,0,6,1,1,1,1,1,0,0,white,0,0,0,0,0,0,0,1,1,1,white,white,North America
USA,1,4,9363,231,1,1,0,13,3,1,0,1,0,1,0,0,white,0,0,0,1,50,0,0,0,0,0,blue,red,North America
Uzbekistan,5,1,447,35,10,2,0,3,4,1,1,1,0,1,0,0,blue,0,0,0,0,12,1,0,0,0,0,blue,green,Asia
Vanuatu,6,2,15,0,6,1,0,0,4,1,1,0,1,0,1,0,red,0,0,0,0,0,0,1,0,1,0,black,green,Oceania
Vatican-City,3,1,0,0,6,0,2,0,4,1,0,0,1,1,1,0,gold,0,0,0,0,0,0,0,1,0,0,gold,white,Europe
Venezuela,2,4,912,15,2,0,0,3,4,1,0,1,1,0,0,0,gold,0,0,0,0,8,0,0,0,0,0,gold,red,South America
Vietnam,5,1,333,60,10,6,0,0,2,1,0,0,1,0,0,0,red,0,0,0,0,1,0,0,0,0,0,red,red,Asia
Western-Samoa,6,3,3,0,1,1,0,0,3,1,0,1,0,1,0,0,red,0,0,0,1,5,0,0,0,0,0,blue,red,Oceania
Zambia,4,2,753,6,10,5,3,0,4,1,1,0,0,0,1,1,green,0,0,0,0,0,0,0,0,1,0,green,brown,Africa
Zimbabwe,4,2,391,8,10,5,0,7,5,1,1,0,1,1,1,0,green,0,0,0,0,1,0,1,1,1,0,green,green,Africa